Size_sqft,Bedrooms,Bathrooms,Age_years,Garage_cars,Location_score,Floors,Has_Pool,Price
1360,5,2,24,3,4,1,0,385764
4272,5,3,31,0,3,1,0,690846
3592,6,2,32,1,1,3,0,614957
966,6,2,44,2,3,1,0,311764
4926,2,1,35,3,1,2,1,691584
3944,6,3,19,2,3,3,1,725527
3671,4,4,17,3,2,3,0,655574
3419,1,2,37,0,4,1,1,546017
630,1,2,2,0,4,1,1,261053
2185,1,4,22,2,4,2,0,470264
1269,2,3,31,0,1,3,1,298462
2891,2,2,44,2,3,1,1,522070
2933,3,2,15,3,2,2,0,500678
1684,1,2,4,1,3,1,1,394448
3885,4,3,3,0,4,3,1,722809
4617,6,3,20,3,2,1,0,737325
3404,4,4,39,1,2,3,1,600839
974,6,3,13,1,4,1,1,424243
1582,1,3,38,1,3,3,1,362744
3058,1,1,30,3,4,2,0,536210
2547,1,4,13,3,3,3,0,534984
3247,2,2,5,2,2,2,1,532012
1475,6,3,11,1,2,3,1,387488
2306,2,2,15,1,4,2,0,432403
689,2,2,16,1,2,1,0,209332
3234,5,1,44,2,1,3,1,542209
3505,4,3,22,1,2,1,0,607854
2399,4,4,13,3,1,2,1,491349
1767,3,3,6,1,2,3,1,399156
2028,2,2,45,0,4,3,0,405395
3702,6,4,31,3,4,1,0,717794
4056,5,3,14,2,1,3,1,652084
4390,5,2,43,1,4,3,1,824606
1146,4,2,16,0,2,1,0,287117
3388,2,1,40,2,2,3,1,549760
2935,3,1,46,2,4,1,0,532703
1100,2,1,43,3,2,1,0,251788
2863,1,2,33,2,3,1,0,471348
2561,2,3,4,2,3,1,0,475495
741,1,1,44,2,2,1,0,180709
2541,1,3,26,2,4,2,1,523834
3324,3,1,22,1,1,2,0,478082
3112,6,4,39,1,4,1,0,646620
1863,4,4,13,1,1,2,0,383027
1978,2,1,14,1,4,2,0,428756
3056,1,2,42,0,2,3,0,483958
1275,2,1,32,1,3,1,0,277837
4514,6,1,30,2,4,2,0,782019
534,4,2,34,1,1,3,1,226080
3652,6,4,16,1,3,3,1,697942
2455,4,3,27,3,1,1,1,463081
2085,5,1,18,2,2,1,1,438310
4443,4,2,45,1,3,3,0,686038
3573,3,1,22,1,1,1,1,587512
1521,6,2,31,1,4,1,0,381574
3961,1,3,39,0,2,3,1,578157
3113,5,3,12,1,2,3,1,620244
4343,3,4,19,3,2,1,0,711225
2000,2,2,34,2,4,2,0,402280
661,6,2,4,2,4,1,1,375265
4797,1,4,8,1,3,2,1,802597
2481,4,4,28,1,4,3,1,561714
1495,1,2,5,1,3,2,1,407376
3842,2,4,24,2,2,3,0,589358
4298,5,3,30,2,3,1,1,759636
1775,5,1,21,0,1,1,1,369530
1516,6,3,1,3,2,3,1,463946
837,5,4,44,0,2,3,1,293152
1378,6,2,4,3,3,3,1,439351
1576,6,2,26,0,2,1,0,359202
4493,6,3,24,2,4,1,0,810275
879,4,2,7,0,1,2,0,241929
992,3,4,0,3,3,3,0,376841
2562,6,3,19,1,3,2,0,513862
4384,6,2,43,3,2,1,1,724124
564,3,1,22,1,4,2,0,234279
3068,1,1,31,2,2,2,0,458637
2527,6,4,10,3,2,1,1,576544
3195,4,2,38,0,3,1,0,537159
1995,5,4,46,3,2,3,0,491737
891,5,3,23,1,1,2,0,259388
4974,2,1,10,2,2,1,0,720073
4061,2,3,28,0,2,1,1,626043
2778,5,2,25,3,3,2,1,560603
3599,5,4,15,1,2,1,0,619723
700,4,4,34,0,4,3,1,356355
3604,3,4,19,2,3,3,0,646559
2954,2,3,45,0,2,2,1,469610
4145,3,1,2,2,1,3,1,633298
1304,4,3,0,0,1,1,1,306475
3231,5,3,46,3,3,1,1,616397
3273,6,2,0,1,3,1,1,663631
2070,3,2,16,3,2,1,1,400790
3190,5,2,1,3,4,2,1,665603
4340,5,1,28,2,2,3,1,717286
1528,1,1,19,2,1,3,1,257485
1002,3,2,5,2,4,1,1,341568
4993,6,2,7,3,4,2,1,884962
1370,3,1,28,0,4,1,0,311080
4988,5,4,47,0,2,1,1,780797
706,6,1,32,3,1,2,0,233908
1984,4,1,2,3,3,2,1,458374
1363,1,1,34,1,2,1,0,249919
3290,5,2,4,2,3,3,0,659061
1063,2,4,26,2,4,1,0,365545
4691,2,1,43,3,4,3,1,731064
2257,1,2,11,3,2,3,1,451581
2178,4,3,19,0,1,2,1,409599
3742,5,3,44,3,4,2,1,718943
1559,3,1,19,0,3,1,0,318914
2222,1,3,8,3,3,3,1,482591
3814,4,4,38,1,2,3,1,657308
3657,3,3,3,1,3,1,1,638860
3125,2,3,18,0,1,1,1,471672
3229,2,4,37,2,4,1,1,599906
2097,3,1,26,1,3,2,1,433525
3560,1,1,44,0,3,1,1,553979
3193,2,4,42,3,4,1,1,627626
4127,5,4,12,3,2,3,0,712756
1863,6,4,12,0,3,1,0,455636
2481,3,3,21,2,2,3,1,510170
2163,3,4,27,0,2,3,1,463271
2029,2,2,46,0,3,2,1,390503
2538,1,3,44,1,1,1,1,388941
3802,5,1,21,0,2,1,0,598262
2737,1,1,42,0,3,3,0,412845
1806,4,1,18,3,2,2,1,401447
4529,4,3,7,1,4,2,0,794771
3175,6,2,7,3,1,1,0,570238
1782,2,4,41,3,1,3,1,362634
1209,2,4,25,2,4,1,1,380434
4913,2,1,47,2,4,1,1,750466
4248,6,1,25,1,2,1,0,683829
1163,4,3,22,1,4,1,0,354403
2498,1,2,42,2,1,3,1,398640
3945,6,4,12,2,4,2,1,775565
4243,6,3,27,2,3,1,0,730302
1995,1,4,8,2,3,1,0,405042
3804,2,1,19,2,2,1,1,609442
4263,5,4,18,3,1,1,0,680254
2353,1,2,47,1,3,2,1,456619
1791,4,2,38,3,4,2,1,488824
4081,3,1,11,3,3,2,0,656089
3957,3,2,14,0,3,2,0,640034
2136,6,2,30,3,2,1,0,431306
4196,3,3,13,2,4,3,1,756587
3499,5,4,10,2,4,2,1,755928
3652,2,1,25,0,4,2,1,615088
1198,4,1,41,0,2,1,1,283164
2660,5,1,26,0,4,1,1,549226
4597,4,1,10,0,4,1,1,748627
1354,4,1,37,0,3,1,0,285778
3974,2,2,33,3,3,3,1,649359
2207,6,3,42,0,4,3,1,508520
3277,3,1,18,3,1,2,1,479839
2233,2,3,5,1,1,3,1,429851
4010,5,3,45,0,4,2,0,733283
702,6,2,37,0,1,2,1,242596
3755,5,1,48,3,2,3,0,584874
4718,6,2,41,1,3,2,0,750504
4996,5,1,27,3,2,1,1,778742
1266,2,2,0,3,3,2,1,346568
4889,6,3,34,0,1,1,0,740683
2827,6,1,39,2,1,3,0,500245
3431,4,4,7,2,4,3,1,680010
697,4,3,46,3,1,2,0,233341
2430,1,4,6,0,1,1,1,443336
4082,5,3,10,1,4,2,1,801891
1108,4,2,38,2,4,3,0,407864
3772,1,1,3,1,3,2,1,600200
1647,4,3,24,2,1,2,1,421924
4782,5,2,11,0,3,1,1,779955
3897,6,1,25,3,3,3,0,681790
3011,3,1,37,1,2,2,0,481261
2294,5,3,45,1,1,1,0,386638
1159,2,1,11,3,1,2,1,281260
3311,4,3,42,1,2,1,0,511318
1869,4,1,36,2,3,1,0,380704
2486,6,4,45,3,1,2,0,502031
646,2,2,23,2,3,3,1,270978
3719,6,4,15,2,2,3,1,704111
3411,2,3,12,0,4,1,0,603225
2234,3,4,24,2,3,3,0,499293
2343,4,3,3,0,1,1,0,379655
988,4,1,10,1,4,3,1,373250
3476,3,1,31,1,3,2,0,559957
2459,1,3,48,0,3,3,1,450012
2885,6,4,6,2,4,1,1,673599
3419,3,1,45,3,4,1,1,590396
2302,6,2,10,3,4,3,0,535987
4561,5,1,27,0,1,2,0,620011
3869,4,2,40,1,1,1,1,578296
762,6,4,22,1,3,1,1,371448
1123,2,2,44,3,3,1,1,304148
1516,6,2,22,0,2,1,1,344517
4143,5,2,49,3,1,1,0,615246
2549,4,2,27,2,3,2,0,464522
4223,3,1,42,2,4,3,1,696656
3608,5,2,46,0,4,2,1,663936
4590,4,1,25,0,1,2,1,650322
2556,6,2,24,2,4,1,0,571772
3670,1,3,28,1,2,2,1,578577
2182,1,4,18,0,3,1,0,410151
2755,2,2,32,2,3,2,1,504432
1654,4,3,35,2,3,1,0,399936
4999,1,2,13,1,1,1,0,692143
3691,3,2,13,1,4,2,1,679221
2196,4,2,34,1,2,2,0,417615
4491,3,3,29,1,1,3,0,656478
2148,3,4,27,3,3,3,0,484004
1945,1,3,16,1,2,3,0,358842
4699,4,4,2,3,3,2,1,831324
4423,6,2,15,0,3,2,1,758267
753,5,1,45,2,1,1,1,215215
3683,1,2,29,3,3,3,1,612977
3057,1,4,28,0,2,1,1,509793
598,6,3,44,0,3,1,0,286772
2700,4,2,14,3,4,1,0,578222
3461,4,3,45,0,3,1,0,548188
4933,3,3,24,0,1,3,0,733544
4277,6,3,37,3,2,1,1,726276
3369,6,2,41,0,1,2,1,568494
3734,4,3,46,1,4,2,0,635155
4291,3,3,37,1,3,2,1,710159
1456,1,2,22,2,1,3,0,276394
4567,2,3,24,0,1,1,0,603147
660,5,2,41,2,1,3,1,256565
4993,1,4,6,1,1,1,1,757278
1800,4,4,21,1,4,3,1,482707
4487,5,4,16,1,4,3,1,854843
2027,2,3,17,0,3,1,1,414846
1718,2,1,48,0,3,3,1,365751
4996,3,1,40,1,2,1,1,683148
3604,5,3,9,2,4,2,0,740655
3235,3,1,9,2,1,2,1,558909
1454,1,2,6,3,1,2,0,278987
3946,6,1,47,1,2,3,0,592478
1545,6,3,49,2,1,2,1,368960
2193,6,3,37,1,2,1,0,408681
3936,5,2,26,2,3,2,1,710417
1062,6,4,32,3,4,2,0,414071
2985,1,3,0,3,2,3,0,504371
3854,3,2,43,1,1,1,0,567499
725,5,1,33,2,2,3,1,292711
1459,3,1,3,0,3,3,0,363196
3567,5,2,16,3,1,1,0,582417
1315,3,2,3,1,3,3,0,320089
3620,2,3,42,1,3,1,1,619357
516,3,1,25,2,2,2,0,189512
1743,6,2,3,1,3,1,1,425964
2705,2,1,0,3,1,1,0,461640
3024,3,2,6,1,3,1,0,577068
1569,5,1,29,1,3,3,0,375255
3944,5,4,49,0,2,1,1,693262
3065,5,3,8,0,3,1,0,572226
1560,4,1,34,3,4,1,0,382390
2827,1,4,7,2,2,2,0,480030
3920,5,1,23,0,2,1,0,639741
801,2,1,18,2,1,3,1,207117
4776,5,4,35,3,1,1,0,750825
1106,4,1,49,0,1,1,0,192336
3670,6,1,42,2,1,2,0,565593
1199,2,3,26,0,4,1,0,337684
1639,4,4,31,3,2,3,1,411279
690,6,4,13,3,3,1,0,330304
2800,2,2,17,0,1,3,0,453056
1480,3,1,27,2,1,2,1,335947
3475,1,3,28,1,1,1,0,506493
1684,1,1,15,1,3,2,0,319984
3827,4,1,34,0,1,1,0,531827
3894,6,2,46,2,3,3,1,705078
627,1,1,30,1,2,2,0,170658
2565,6,3,3,3,2,1,1,534642
2316,6,3,36,2,2,3,1,518580
1069,4,2,16,1,4,2,1,372190
2395,4,1,38,2,3,1,1,437685
3233,4,3,47,0,1,2,1,498781
4363,1,1,45,2,1,1,1,587477
4514,4,1,25,1,1,3,1,681222
3401,1,1,47,0,1,3,0,489305
2186,4,2,38,2,4,2,0,476683
3509,5,1,40,3,1,2,1,560264
654,6,3,3,1,4,1,1,369492
3037,4,1,29,0,3,3,1,545198
1909,2,3,29,2,2,1,1,391375
4557,6,1,21,3,1,3,1,752651
1284,6,3,10,1,2,2,1,407264
3675,4,3,1,3,3,1,0,663714
4841,3,1,43,2,3,1,0,754299
3306,4,1,11,2,1,3,1,577080
1037,6,3,29,0,3,3,1,352091
2341,2,4,35,3,2,3,1,514117
2955,6,2,17,0,1,2,0,507539
1024,2,4,25,1,4,1,1,327177
3450,1,4,6,0,1,3,0,559258
4631,5,1,0,1,2,2,0,770275
4615,6,2,25,2,1,3,0,721139
2868,4,4,22,2,1,1,1,507486
4347,1,1,25,3,2,3,1,664192
4995,5,4,44,1,1,1,0,749494
3201,4,4,5,2,1,2,0,579677
1471,3,1,5,3,2,2,0,346929
1666,4,1,43,3,3,3,0,383554
3274,2,1,7,0,2,1,1,552240
2482,2,2,23,3,1,1,0,395183
1353,3,4,21,2,4,1,1,432178
4646,1,1,18,0,4,3,0,708358
4236,5,3,36,1,2,1,1,702140
4269,4,4,17,1,4,1,0,742408
1074,2,3,30,2,1,1,1,252762
3761,1,2,36,2,1,1,1,536972
1648,3,1,29,0,2,3,1,367457
2215,6,3,41,0,1,3,0,398341
4354,2,2,32,2,3,1,1,679075
2991,3,1,9,2,1,1,0,509139
3160,4,3,36,1,2,2,1,576956
3624,5,3,11,1,3,2,1,630377
3551,2,2,29,1,3,1,0,553614
504,2,1,26,2,4,1,1,218440
1376,4,1,38,3,1,2,1,288706
1491,6,3,8,2,2,2,0,331749
4642,1,3,20,2,4,1,1,762300
4864,5,3,11,1,4,3,1,842041
4965,2,1,28,2,1,3,1,715598
1135,5,2,32,0,1,1,1,240097
2193,2,2,42,2,2,1,0,373218
2182,5,1,14,2,4,2,1,510341
619,3,4,1,2,2,2,1,317519
1330,2,2,38,2,4,3,1,400427
4175,5,3,43,3,4,1,1,776306
1869,1,4,17,2,4,2,1,448147
1240,3,4,2,0,1,3,1,358907
616,3,2,6,0,4,3,1,276059
3338,1,4,42,2,4,3,1,590888
1650,5,4,17,1,4,2,0,451724
2431,4,2,43,3,3,2,0,522400
1512,1,2,37,2,1,1,0,244793
2164,5,4,36,2,3,1,0,468215
1581,1,3,32,2,1,3,1,285281
1012,1,1,43,1,2,3,1,251958
3349,2,4,30,1,3,2,0,590943
1059,5,4,10,1,2,2,0,343861
4172,4,3,3,3,4,1,0,739655
3843,2,4,17,0,2,1,1,604425
4570,1,4,3,3,2,1,1,706137
1970,6,1,48,1,2,2,0,387677
1080,1,1,33,0,2,3,0,192591
2794,1,1,28,0,1,1,0,354331
3647,5,2,23,1,3,1,0,617766
4749,5,2,21,1,1,2,0,698296
2179,2,1,1,3,1,1,1,384920
4006,4,1,43,1,1,3,0,591648
3244,2,2,5,0,2,2,1,541860
3856,3,3,41,2,1,1,0,563156
4545,1,4,24,1,3,1,0,700860
1743,6,4,20,1,1,2,1,392329
3618,1,1,15,3,4,2,0,617265
2641,1,3,30,3,2,1,1,469932
3559,2,2,13,1,4,3,1,619619
3459,6,1,38,0,3,2,0,612593
2765,6,3,27,0,3,3,0,532571
2979,6,3,31,2,3,1,1,603486
2135,2,3,27,1,3,3,1,472888
2257,1,2,48,3,1,1,0,357953
4952,2,2,8,0,2,1,1,735526
2570,5,4,44,2,3,1,0,506950
3349,5,4,21,1,4,1,1,690030
3751,2,3,31,0,3,3,0,618813
4230,6,3,4,1,2,1,1,721032
2989,1,2,22,1,4,1,1,527182
2131,2,4,4,0,4,3,0,433072
3316,2,3,41,0,4,2,1,595200
1515,2,4,31,0,1,3,1,312346
1848,3,4,9,1,3,3,1,479283
3587,5,3,38,1,1,3,1,607221
3339,6,2,14,2,4,1,1,703164
835,4,3,6,3,1,1,1,270452
1395,6,3,28,1,1,1,1,366763
4046,4,4,46,3,1,2,0,622141
1351,3,3,2,0,3,1,1,380071
2187,2,2,18,1,4,2,1,443864
2431,3,3,9,2,4,1,0,518222
4246,3,2,27,2,3,3,1,676226
2927,1,2,28,3,1,1,1,455497
2068,5,4,14,0,1,2,0,414767
4500,4,1,34,3,2,2,1,705380
3238,2,1,5,0,2,1,1,498551
3998,4,4,11,2,2,3,0,699882
4413,6,3,46,3,3,1,0,744690
1566,4,4,37,2,4,1,1,429528
4880,6,2,12,2,2,1,1,803837
2944,5,1,28,0,4,3,0,614613
4607,6,4,18,3,4,2,1,890510
3873,4,3,2,3,4,3,0,756411
4469,4,4,7,2,3,2,0,773390
3046,6,1,7,2,3,2,0,591249
1253,3,4,19,0,3,2,1,311238
2582,5,4,46,1,3,3,0,506460
3274,1,1,3,1,2,1,0,485868
3396,2,2,20,2,1,1,0,466022
4685,4,2,2,1,1,1,1,694451
1275,2,1,44,1,1,1,1,193183
2125,1,4,7,1,2,1,1,414633
3569,2,1,22,1,1,3,0,533055
917,1,2,15,2,2,3,1,288175
614,6,3,12,1,2,3,1,317375
1116,3,4,2,1,2,3,0,300052
4474,4,2,47,0,1,3,0,598638
3767,1,4,8,2,4,3,1,662502
1325,2,1,13,3,1,3,1,274220
2016,4,3,12,3,1,1,0,378542
3646,3,1,6,0,3,2,1,617525
912,6,3,14,0,2,3,0,287956
1228,4,4,6,2,4,2,0,413339
3848,1,4,37,3,3,3,1,659514
3308,3,1,33,1,4,3,1,606770
1175,2,3,40,0,4,1,1,350805
3965,3,3,21,3,2,2,1,647395
3004,3,4,23,2,1,1,0,501454
3467,5,1,48,1,2,1,1,567360
3286,3,3,36,2,2,2,1,560850
1622,3,4,43,0,3,1,1,393945
4579,4,2,0,3,2,3,0,765060
2071,2,1,9,3,1,3,1,373390
2643,4,2,42,3,4,3,1,562916
2187,4,1,15,3,2,3,0,442064
4632,1,4,45,1,4,3,0,731379
4351,4,3,7,1,2,1,0,702220
3940,5,3,48,2,4,1,0,699023
4266,5,3,24,1,2,3,0,734371
2826,1,1,49,0,3,3,1,435314
3414,6,4,11,0,4,1,0,664431
4452,2,2,24,3,2,2,0,656869
1095,2,4,16,0,2,1,0,276682
1228,4,2,25,2,3,1,0,297016
1865,4,1,45,1,3,1,0,374726
4992,6,1,47,1,3,1,0,758839
1198,4,2,13,1,4,1,0,340676
895,2,2,40,0,4,2,0,236470
4671,3,2,35,1,3,3,1,741218
4860,5,4,22,3,1,3,1,819290
3002,3,2,42,3,1,2,1,496136
2319,3,1,5,3,2,3,0,457833
1217,2,1,46,0,1,3,0,238532
3282,3,3,4,1,2,3,0,570915
4077,6,2,42,0,4,2,1,719464
643,1,4,24,1,4,2,0,276305
3640,4,4,17,2,1,3,0,594314
4991,1,4,12,2,4,3,0,806231
3438,5,3,42,0,3,3,1,598562
4136,4,1,13,3,3,1,1,729445
3722,3,4,27,0,1,1,0,548319
1667,5,1,17,3,1,1,1,370081
3116,4,3,27,1,2,2,0,513600
1562,6,2,26,3,4,3,0,463358
2656,6,2,31,3,2,2,1,523681
3482,6,2,46,1,2,2,1,603205
3794,6,4,8,2,3,2,1,755436
1656,3,2,39,1,3,3,1,401335
1232,1,4,31,0,3,1,0,283599
4830,4,3,19,0,3,3,0,739037
1453,3,3,27,0,2,3,1,402616
3039,6,4,32,0,3,2,1,642997
3824,1,1,3,0,4,2,0,633933
3801,5,2,45,2,3,2,0,630055
2042,5,2,33,2,3,1,0,433368
1691,5,2,47,3,3,1,0,381451
3493,6,4,2,0,1,1,1,643837
3181,5,3,25,1,4,3,1,656970
1717,2,2,7,0,4,2,1,399756
2040,4,3,5,2,2,3,0,431384
3736,4,2,15,0,2,1,0,610743
2886,6,2,23,2,3,2,1,624921
4219,2,4,47,3,1,1,1,670246
1888,3,1,38,3,2,2,1,399300
2356,3,4,29,3,2,2,0,453467
1865,5,2,44,2,3,3,1,381769
999,1,2,12,0,3,3,0,269223
2180,3,1,4,0,2,1,1,408363
1010,1,3,24,1,2,3,1,274799
4812,4,3,19,2,4,3,1,848317
1824,1,2,17,1,1,3,0,281754
1655,4,3,46,3,4,2,0,434948
2327,2,2,17,0,2,3,0,416284
3641,2,1,1,2,4,1,0,639766
3986,6,1,9,1,4,2,0,738051
2310,6,2,44,1,2,2,0,454081
3423,5,1,49,1,3,3,1,599359
2714,3,4,46,0,2,2,0,456463
4686,5,4,11,0,3,1,1,801342
1213,4,1,46,0,2,1,0,250913
4102,5,2,12,2,2,2,1,722604
4634,1,2,49,0,2,3,1,677753
4022,4,1,46,2,1,3,0,633386
4768,6,3,10,1,3,2,1,875289
1743,2,4,18,1,1,1,0,322352
4209,6,3,34,3,2,2,0,633146
1581,3,2,38,0,4,3,0,397056
955,4,2,25,1,1,3,0,231792
1394,4,3,45,0,3,2,1,342250
1884,1,1,13,2,2,1,0,322711
2458,3,3,44,1,1,2,1,412827
3572,2,3,43,0,4,1,1,625485
2496,4,4,23,1,1,1,1,430931
4785,4,4,40,1,3,2,0,744645
1004,1,3,0,0,1,2,1,249343
1714,5,3,42,1,4,1,0,433538
2031,2,2,21,1,4,1,1,456750
3940,6,4,22,1,3,1,0,685459
1323,3,4,18,1,4,1,0,355794
1428,4,2,17,2,2,3,0,335627
633,4,1,11,1,4,2,0,289957
2605,6,4,27,3,2,1,1,581709
4127,2,4,27,1,1,2,1,591691
2352,5,1,32,0,2,1,0,407225
4675,4,4,18,3,2,2,1,758946
3433,2,4,27,2,1,2,0,501315
3784,6,1,48,3,4,1,0,695019
4798,1,1,36,3,2,1,1,707852
3311,5,3,25,3,4,2,0,663308
1750,3,2,34,0,1,2,0,316220
4012,4,2,33,0,3,2,0,635445
1756,2,1,34,0,4,3,0,360867
3876,1,1,39,2,4,1,0,652634
3986,3,4,15,0,3,3,1,693388
4084,2,3,37,0,3,3,1,680182
1896,2,3,12,3,1,1,1,377047
4137,3,1,22,0,4,1,0,626874
3830,1,4,21,1,4,3,0,618907
3203,6,4,15,0,1,1,0,536780
970,1,2,27,2,4,2,0,310922
1853,5,2,47,2,2,2,0,395525
3283,4,4,34,1,2,3,0,587041
3331,3,2,44,2,2,3,1,542779
857,6,1,45,2,4,1,0,349157
3519,3,4,7,3,2,1,1,613382
1167,3,2,43,1,2,3,0,272896
4968,1,3,21,3,1,3,1,739152
1645,4,4,20,3,1,2,0,361922
4685,5,4,25,0,3,2,1,822971
4219,2,3,39,1,3,1,1,659977
3245,2,1,20,0,3,2,0,494407
1039,3,3,24,0,3,1,0,284879
3279,4,4,40,3,1,1,1,554483
4636,6,1,0,2,1,1,0,783867
4275,1,2,5,1,1,2,0,617530
3008,4,2,22,2,2,3,0,523173
3279,4,2,22,3,2,3,1,577757
1424,1,4,42,3,3,2,0,298674
3456,3,3,42,3,2,3,1,580615
2081,4,1,22,3,4,1,1,489418
3824,2,2,31,3,1,3,0,600626
4985,1,1,29,3,3,2,1,785433
755,6,4,12,2,3,3,0,357581
2338,5,2,42,0,4,1,0,467496
2444,3,4,17,2,2,1,1,491056
509,1,3,22,1,3,2,1,225107
3371,5,4,14,2,2,2,1,671687
1297,5,4,32,3,2,2,1,380256
1515,6,3,20,2,4,1,1,463073
2324,4,1,38,0,3,3,0,390163
4969,6,3,22,1,2,3,1,819771
3636,4,3,26,2,2,2,0,624249
2693,4,4,44,0,4,3,0,518605
723,1,1,43,2,4,3,1,253345
4658,1,2,17,1,2,2,1,711214
4425,3,3,23,2,4,2,1,745066
4500,4,1,46,3,2,1,1,719356
2133,5,3,39,2,3,1,1,468117
2652,2,3,41,0,1,1,0,381668
1010,3,3,6,2,4,1,0,322922
884,1,3,49,0,1,3,0,179440
904,6,4,47,1,2,3,1,377077
2500,3,1,19,2,2,1,1,470429
3256,3,1,26,1,2,1,0,487634
2168,3,1,5,1,1,2,1,416872
1960,3,3,26,2,2,3,1,418066
4136,2,4,8,0,4,3,1,764409
3224,6,3,44,1,3,1,0,601813
4678,6,3,30,1,3,3,1,753497
2548,6,1,20,2,4,2,0,527678
4646,4,3,25,2,3,2,1,803407
1216,5,2,39,2,1,3,1,315753
2323,6,3,47,2,2,1,0,434684
2581,3,2,44,2,2,3,1,459848
3919,3,3,12,3,2,2,1,634555
2074,6,4,48,2,1,1,1,429712
749,6,4,22,0,1,3,0,308493
1173,3,1,19,1,1,1,1,271658
2665,4,3,36,0,4,1,1,583808
1270,1,2,27,0,1,2,1,258447
4462,1,2,16,3,3,1,1,735189
4863,6,3,27,2,4,3,1,916441
2484,2,2,40,1,4,1,0,465625
1577,6,4,1,0,4,1,0,450695
735,6,2,24,2,1,3,1,302653
888,1,1,49,2,4,2,1,304436
3537,3,4,40,3,1,2,0,551840
2348,6,4,5,3,1,3,1,510328
3314,3,4,10,3,4,3,1,684457
3874,3,3,37,1,2,2,1,643909
3778,2,3,5,0,2,1,1,624321
1752,3,4,44,3,4,3,1,438556
4481,1,3,10,3,2,1,1,741952
2622,4,2,13,3,3,3,1,544416
2650,4,3,1,0,3,2,1,538898
1829,5,3,39,0,1,1,0,319226
1858,6,4,2,3,2,1,0,511326
2982,1,1,34,3,3,3,1,531481
2517,3,1,32,2,4,1,1,489420
1831,4,1,23,3,2,3,1,429598
4844,1,2,18,1,3,2,1,762262
4761,4,3,17,1,3,1,0,757965
1858,3,1,48,3,4,3,0,432372
3677,4,4,23,0,1,1,0,552334
2628,6,1,44,2,4,3,0,536301
2680,6,1,34,0,1,3,1,435195
637,5,3,0,3,3,3,1,329960
3972,5,3,35,1,1,2,1,676792
3332,4,3,24,2,3,1,0,627468
4079,1,2,44,0,3,2,1,625595
3531,6,2,48,0,2,3,1,641578
4664,1,1,42,3,1,3,0,633878
3093,1,3,33,2,1,2,0,456891
4800,4,1,24,1,1,2,0,685930
4318,1,4,15,3,4,1,0,724661
4638,6,4,33,2,2,3,0,767856
4323,3,3,28,0,2,2,1,701227
4542,5,3,18,3,2,3,1,783642
2406,3,4,22,0,4,3,0,522369
1260,1,3,18,0,1,1,1,271427
3945,3,2,24,3,1,1,1,623963
1399,6,2,15,3,1,1,1,343474
4955,6,3,8,3,2,2,1,818142
3447,1,4,0,3,2,3,0,593615
2219,4,1,41,3,3,2,1,463054
780,3,3,18,0,4,2,1,322947
3766,4,3,32,1,4,1,1,684998
2387,4,1,33,1,2,3,0,477711
3766,2,3,15,3,3,3,1,648315
1166,1,1,43,0,1,1,0,130721
4688,5,4,39,1,2,3,0,755007
1171,6,2,17,1,4,1,0,371391
2469,6,4,33,1,4,2,0,560201
4656,1,2,24,0,4,2,1,751197
3622,5,1,44,3,1,1,0,580122
4400,6,2,5,3,4,2,0,773855
1023,1,4,20,3,1,2,0,234625
2893,6,2,5,2,1,1,0,523735
3617,4,1,31,2,1,2,0,562649
3093,3,2,40,2,2,3,1,581028
2468,3,3,47,0,1,2,0,404674
2253,6,4,42,1,3,1,1,506624
2796,2,3,38,1,4,3,1,532311
2761,5,1,30,0,2,3,0,467034
2786,5,2,41,0,4,2,1,549665
4702,5,3,9,3,1,3,1,790144
3378,4,3,29,3,2,1,1,606299
4643,5,2,17,2,3,3,0,750087
4144,3,2,23,2,1,2,0,605161
4932,4,4,8,0,4,2,0,846990
2555,1,3,30,2,3,3,0,474633
1776,5,3,14,1,1,1,0,372292
3266,5,1,3,0,3,1,0,582178
802,1,4,39,0,1,2,0,206568
1138,5,1,8,1,2,2,1,332880
555,1,3,44,3,1,1,1,167679
1025,4,1,8,3,2,3,0,284284
4623,3,3,25,1,1,3,1,709752
2625,1,3,3,1,1,3,0,378785
3787,2,1,16,2,4,3,0,643954
864,1,1,15,0,3,1,0,212563
2146,5,2,14,2,3,2,1,469030
1418,4,2,34,1,3,2,0,324394
3297,6,2,4,2,1,3,0,596633
2031,4,3,4,1,1,1,0,389134
3845,6,1,19,2,1,1,0,608235
2406,1,4,14,2,2,3,1,475646
3586,3,3,17,3,2,3,0,613572
2575,2,4,46,1,4,3,1,554057
1213,4,1,1,2,1,2,1,310228
1562,5,3,28,0,3,3,0,360875
2476,6,4,12,2,3,2,0,584122
1796,5,4,3,2,4,1,1,516526
625,3,2,41,0,3,1,1,222414
4096,6,2,44,1,4,2,1,716251
3783,4,2,9,3,1,2,1,639678
2103,1,3,30,3,3,2,0,413016
566,5,1,40,3,1,2,1,255402
732,3,1,7,0,2,3,1,241321
2656,4,2,2,2,3,1,1,527372
1669,4,2,47,1,2,3,1,383595
2658,4,2,45,2,3,2,0,511465
4706,4,4,8,3,1,3,0,753693
1993,6,2,29,2,4,3,0,507487
4507,4,4,10,0,1,1,1,703086
2972,5,1,34,0,1,3,1,500117
3160,3,3,36,1,1,1,0,502699
3239,6,3,41,1,3,2,0,610386
2261,4,3,12,3,4,3,1,553334
4014,2,3,35,1,2,2,0,632727
2475,2,4,12,2,1,1,1,401102
2862,3,4,11,0,3,2,1,599681
1376,1,2,36,0,2,2,1,242200
4312,1,4,9,0,1,1,1,623698
3948,6,2,8,1,2,2,1,691541
1812,6,2,6,0,1,2,1,394710
1960,6,3,1,0,2,2,0,456528
3209,1,4,22,0,2,3,0,493323
2824,2,4,38,3,4,2,0,557695
2233,1,2,39,3,4,1,1,447195
2105,5,2,38,1,1,3,0,391102
3063,4,1,20,0,3,3,1,561264
3921,6,1,22,1,4,1,1,719778
4017,2,2,28,0,2,2,1,603641
2897,3,1,13,0,4,3,1,553038
4235,3,1,25,0,4,3,0,694945
3370,4,2,4,1,1,3,0,568074
1660,2,2,30,1,4,2,0,363234
742,1,4,24,0,4,3,1,284464
3090,1,2,30,2,2,1,0,486069
1563,5,2,49,1,4,2,0,392709
4824,5,3,19,3,2,1,0,789289
3095,1,4,43,1,4,1,1,544884
1419,3,4,16,0,4,3,0,358891
505,6,4,44,2,3,3,1,311739
967,3,3,1,0,4,3,0,324912
4670,5,2,24,3,2,1,1,761624
503,4,4,12,1,2,2,0,232023
1145,1,4,38,1,1,3,0,248820
617,5,1,27,0,1,3,0,187676
3428,5,4,41,0,3,1,1,627569
3051,6,2,5,3,2,2,0,585272
4789,1,2,2,2,2,1,0,703979
1346,6,1,34,3,2,3,1,374837
3262,1,4,17,2,3,1,1,594052
1641,6,4,10,1,2,3,1,430006
2310,3,4,19,2,1,2,1,473988
1223,4,3,4,2,3,1,0,352829
724,4,4,18,1,1,3,0,218249
4708,1,2,21,1,1,3,1,679921
2548,2,2,18,1,3,3,0,452336
4915,5,3,46,3,4,3,1,876306
2073,5,3,15,1,4,1,0,529952
2328,1,4,23,0,1,3,1,387228
2417,6,1,40,1,4,1,0,504687
4734,2,3,3,1,2,3,1,715569
2526,3,3,14,1,3,1,1,514998
4244,6,4,24,2,1,1,0,668365
1401,6,4,43,3,2,3,0,373223
2539,1,3,34,1,4,3,0,460454
509,1,1,13,3,2,3,1,231323
760,5,3,48,0,4,3,0,327946
2173,1,4,18,0,1,2,1,380827
2719,1,4,37,1,2,3,0,436391
2560,1,3,35,0,3,3,0,475990
4213,5,1,6,3,1,3,1,681751
2119,3,3,29,2,2,1,1,381839
820,3,3,18,1,2,3,0,268167
1842,1,4,48,0,4,1,1,376544
2876,5,1,24,3,1,1,1,525692
3332,3,2,15,3,1,1,0,517217
3324,6,1,46,0,1,1,1,539154
2494,3,3,39,3,1,2,0,453110
3458,3,3,7,3,4,3,0,640182
2538,5,3,17,1,3,1,1,523641
3990,6,1,27,3,1,3,0,641686
4177,5,4,15,0,4,1,1,795991
1618,1,3,18,1,3,2,0,333592
2104,4,3,41,0,3,1,1,426789
4527,3,1,16,2,4,3,1,786002
735,4,2,44,0,1,3,1,204455
2469,5,2,12,0,3,2,1,519730
4929,5,4,6,1,1,3,1,767649
2408,5,4,26,3,1,3,0,519446
875,4,3,9,0,2,1,0,234845
4030,5,1,33,1,1,3,1,626764
3135,1,3,35,2,2,1,0,486550
2070,5,4,24,1,3,2,1,531453
3060,2,1,5,1,4,3,1,557703
3891,4,1,23,3,2,1,0,658194
3465,2,4,17,0,4,3,0,639343
4143,5,2,22,2,3,1,1,729901
4350,1,2,5,1,1,2,1,618307
1372,3,1,28,0,3,1,1,333662
1752,6,3,24,0,4,3,1,471570
1814,6,2,16,1,3,1,1,477213
3398,5,3,45,0,1,3,1,542338
577,1,2,23,1,3,2,0,203576
3121,4,2,10,1,1,1,1,512414
4727,2,3,25,1,2,3,1,712489
1100,2,4,33,2,4,3,0,362426
1565,2,2,27,1,1,3,1,319909
2636,4,2,2,3,1,1,1,515900
2949,6,3,10,0,3,1,0,534282
2843,1,4,37,2,2,1,1,508843
2363,4,2,13,0,1,2,0,453268
1818,2,2,25,2,2,3,1,372127
4097,5,4,47,3,2,3,0,728942
4262,3,2,20,2,3,2,0,685176
2690,4,4,38,2,1,2,0,438951
1492,4,4,29,2,3,1,1,400727
3212,1,3,7,0,4,1,1,604804
2692,1,1,19,1,4,1,0,456076
1748,4,4,47,0,1,1,0,306153
3554,2,3,31,1,2,1,1,582550
4533,3,1,21,0,1,1,1,647221
2497,1,2,6,3,1,2,1,446532
4187,2,1,8,3,4,2,1,733796
2651,5,4,44,2,4,2,1,596512
4518,1,4,0,3,2,3,0,710513
3610,2,4,28,2,2,3,1,622434
2470,2,4,7,1,1,1,0,398252
697,3,4,3,3,3,2,1,361008
3126,3,3,34,1,1,3,0,480234
1702,5,4,2,0,2,3,0,432216
2535,2,3,44,1,3,2,1,471327
977,6,2,39,0,4,3,0,348079
1754,2,4,6,1,2,3,0,367780
1422,3,4,26,1,2,2,0,308520
919,6,1,0,3,3,3,0,321384
2704,1,2,26,1,2,2,1,432573
3097,1,4,15,3,2,3,0,530161
1620,4,4,37,3,2,2,1,408037
3568,3,2,6,2,2,3,0,616567
1450,4,3,43,2,2,3,1,355684
2836,6,4,22,0,2,2,1,544080
2743,3,1,40,1,2,3,1,444305
3145,5,4,10,0,2,2,0,578001
2357,2,1,41,1,4,2,1,490703
2365,5,1,32,2,2,3,1,499526
3412,6,4,49,2,4,1,0,670438
3353,3,4,35,1,4,3,1,659130
3728,6,1,36,1,1,1,0,602512
4219,2,2,40,2,1,1,0,592921
3728,1,2,16,2,4,3,1,675482
2871,1,4,34,0,4,1,0,501904
3391,6,3,47,2,2,2,0,564079
4256,4,2,4,1,1,2,0,633843
4725,3,4,47,0,3,1,1,745216
594,3,2,31,1,1,2,0,172695
3174,1,3,2,3,4,3,0,642805
2455,5,4,46,0,4,2,0,518425
1293,2,3,34,1,2,1,1,320536
2334,5,4,13,2,2,3,0,487978
2616,5,3,47,3,1,2,1,482086
4606,6,2,30,1,2,3,0,710139
3825,1,2,30,0,3,1,1,582153
3419,1,3,16,1,3,2,1,600019
3097,1,3,23,3,2,3,1,543391
3705,6,3,22,0,3,3,0,685858
1314,4,4,17,3,3,2,0,391705
845,5,2,49,1,1,3,0,218150
2849,6,4,13,2,3,3,1,671445
862,3,2,49,2,4,1,0,279361
2943,2,1,14,1,4,1,0,545220
2765,4,4,14,1,1,1,1,493575
2688,3,2,5,1,2,1,0,479751
3505,5,2,26,0,1,1,0,555360
3781,1,4,14,3,2,1,1,632689
1484,5,4,49,3,2,2,1,345790
2139,6,2,35,3,2,1,0,441045
1327,2,4,7,1,2,3,1,375249
3230,6,3,14,3,2,2,0,618949
4031,4,4,2,1,1,3,0,663036
4951,4,4,46,0,2,1,0,698874
3435,2,4,12,2,3,1,0,584190
4376,3,2,40,1,3,3,0,694347
626,3,3,33,1,2,3,1,256927
3677,4,1,23,2,3,3,1,678133
3556,4,1,39,2,4,2,0,620622
1103,1,3,31,0,1,1,1,229676
3949,3,3,31,3,1,3,1,639407
4646,2,3,29,1,2,1,0,658581
4033,3,2,48,3,2,3,1,608444
3867,1,1,12,1,4,1,1,653060
3868,6,3,0,0,2,2,0,669638
4297,4,2,33,2,3,1,0,678876
2292,4,1,14,0,4,3,0,447456
3361,1,4,43,2,3,1,0,562514
3976,2,2,13,3,1,2,0,591401
3917,4,1,28,3,3,2,0,666777
2145,5,2,33,0,1,1,0,405280
1705,4,1,17,2,3,3,1,379171
3530,5,1,6,0,1,2,0,537807
3372,1,4,28,2,2,2,1,562052
3572,1,2,30,2,3,1,1,615736
2354,4,3,24,3,1,2,0,402551
4521,3,4,37,3,3,2,1,805637
3208,5,4,13,2,4,3,1,689277
4002,2,1,7,2,2,3,1,643719
1832,4,3,26,2,1,3,0,365078
701,2,2,1,3,4,1,1,311594
4007,4,3,16,3,3,2,1,746002
4712,3,3,36,1,4,1,0,734269
1074,3,3,13,2,3,2,1,357388
1036,3,3,24,1,2,2,1,289436
2125,6,3,29,2,4,2,1,523557
2622,3,1,28,3,2,3,1,539959
885,1,1,19,1,1,1,1,199381
3781,1,4,20,1,3,1,0,620985
974,6,1,21,0,3,2,1,355835
917,5,4,34,2,2,1,0,265413
4100,2,4,36,3,2,3,1,715245
1454,4,2,15,0,1,1,0,234300
1705,4,3,49,0,4,2,0,382024
4620,6,1,48,2,3,3,0,742819
2490,1,2,42,0,3,3,1,454834
4072,4,1,16,2,1,2,1,643214
4880,1,4,15,0,1,1,1,696263
4658,5,1,1,2,2,2,1,765920
3213,2,3,3,3,2,1,1,552599
2703,5,4,20,2,4,1,0,549415
3620,6,4,38,2,1,3,0,630530
1466,3,2,33,1,4,2,0,378394
3932,3,3,29,3,1,3,1,670329
1188,3,4,5,3,3,2,1,376759
4743,5,3,16,3,1,2,0,757216
4201,4,1,38,0,1,3,1,619045
841,2,3,24,1,3,2,1,312529
2224,3,4,4,3,1,2,0,453119
4922,6,2,4,0,4,1,0,833664
2292,6,4,19,0,2,2,1,492049
2259,3,3,15,0,2,2,1,460298
3712,3,3,40,1,4,3,0,661378
1489,2,4,36,0,3,3,1,353191
2762,3,3,39,1,1,2,0,410684
2982,2,1,8,2,4,1,0,535669
1451,6,4,4,0,2,1,0,407228
1222,3,2,41,3,2,3,1,344769
3889,5,4,1,0,4,2,0,702633
2579,5,1,8,2,2,2,0,462724
3217,6,1,42,2,4,1,1,652933
2832,2,1,35,0,2,1,0,399127
3876,5,1,21,2,4,1,1,718505
2000,2,1,21,1,1,3,1,341878
785,5,2,21,1,1,2,1,289740
3995,5,3,33,0,1,3,0,602591
2565,2,1,28,1,1,2,0,406267
1268,4,1,37,1,2,3,1,317257
3557,5,4,45,3,3,2,1,679883
4789,3,2,32,0,4,1,1,731673
2661,6,2,17,2,3,1,0,493661
3793,4,3,6,0,2,1,1,634948
1446,2,2,0,1,2,3,1,351458
3835,4,4,32,3,3,1,1,673096
4650,1,4,0,0,3,2,0,705226
1981,1,3,23,0,2,3,1,390549
2401,5,4,3,1,2,2,0,505977
3951,5,1,3,1,4,3,0,709965
4564,3,1,17,0,1,2,1,677684
554,6,4,26,1,1,2,1,241195
2323,4,3,42,1,4,3,1,513041
3962,1,2,31,1,3,3,0,646597
3579,5,3,32,1,2,1,0,594246
1332,6,2,27,1,3,1,0,362766
4908,4,4,41,3,1,2,1,811278
3306,5,4,40,1,1,2,0,515733
2990,5,1,35,2,3,2,1,584728
827,1,2,5,0,1,3,1,246519
3810,1,3,15,3,2,3,1,628702
3800,5,4,33,3,4,1,0,727792
4175,2,3,22,1,3,2,0,645759
3554,5,1,49,0,2,1,0,528545
2643,6,2,41,2,2,3,1,535059
1811,5,2,23,1,1,3,0,377891
3691,3,4,48,0,2,3,0,603938
3038,3,2,12,1,3,1,1,588352
4483,3,4,17,1,2,3,1,735011
664,2,1,12,1,4,2,0,281952
4777,2,2,48,1,2,1,1,684993
1322,5,4,36,1,2,3,0,364881
1443,3,3,42,1,4,1,1,387709
4925,2,4,38,1,2,1,1,750513
1274,1,2,41,2,2,3,0,271550
2698,5,1,16,3,1,3,1,474865
3656,6,2,14,2,3,1,1,662037
4742,4,2,17,1,1,1,1,714490
4195,5,4,22,1,3,3,0,699054
3952,4,3,29,2,4,2,1,744664
1414,3,2,33,2,4,1,1,402711
1808,4,3,3,3,4,1,0,475103
4677,3,4,2,2,3,2,0,756217
1013,1,3,6,3,3,3,1,364362
2420,4,4,17,1,3,3,1,574544
4094,5,1,41,0,4,2,1,709421
1909,3,3,6,0,3,3,0,429490
3690,5,3,39,0,2,3,1,635634
4991,2,1,5,0,1,1,0,685527
2055,3,3,21,1,4,1,0,446408
1304,4,1,0,0,1,1,1,290788
1779,3,2,3,2,2,2,1,419194
4077,5,4,45,2,3,3,0,757152
3401,1,1,48,0,1,3,1,447718
1887,3,3,49,2,2,1,1,379163
3261,4,1,42,3,2,1,0,504110
3179,2,3,28,1,1,2,1,537920
2606,6,2,20,0,4,3,0,542965
4723,1,1,25,0,1,2,1,615895
3268,2,2,13,1,4,3,0,602523
4453,3,4,8,2,3,2,0,781846
3686,5,3,46,1,4,1,1,692791
3780,5,3,11,1,3,2,0,675895
3073,4,2,41,2,1,2,0,494142
3099,5,4,5,1,3,1,1,652176
4533,1,1,19,2,2,3,1,667276
736,5,1,23,2,3,3,1,313683
1804,4,3,26,1,4,1,0,420626
3930,6,2,37,3,4,2,0,698642
1801,3,2,7,2,4,2,0,428952
3041,3,1,0,1,3,2,1,585074
2551,5,4,48,2,4,3,0,566052
941,2,4,48,3,4,2,0,331406
2576,3,1,23,3,2,3,1,489649
3680,6,1,46,0,3,2,0,623266
3157,5,2,6,2,2,1,1,570028
4298,4,4,18,2,4,1,1,776169
1304,6,1,21,1,4,3,1,424520
574,5,1,34,2,4,3,0,298230
2675,6,3,29,0,3,1,0,528203
4424,3,1,28,3,1,1,0,630713
2589,4,1,21,3,4,2,1,549331
540,5,4,10,0,4,1,1,395955
2581,1,2,19,2,4,3,1,540655
2122,4,4,28,2,4,1,0,496502
841,1,2,40,0,3,3,0,217255
4552,6,3,41,1,1,3,0,694415
2574,2,1,33,3,1,2,0,397863
1145,4,3,0,0,1,2,0,285256
4763,6,2,30,0,4,2,1,784951
1109,1,4,29,2,4,2,0,297492
954,3,4,47,3,1,1,1,250142
3453,3,3,17,2,1,2,1,576902
2208,2,2,16,0,4,1,0,429374
3972,4,3,37,1,4,2,1,743602
3469,4,3,13,3,2,2,0,578232
3528,4,1,22,0,2,3,0,546733
3181,6,3,24,0,2,1,1,611921
4129,2,1,14,1,1,3,0,592902
4725,4,1,45,0,3,2,0,726696
3567,6,4,21,0,4,1,1,743264
1886,3,1,2,3,2,2,1,398843
4276,1,1,18,3,3,3,1,692733
3366,6,4,43,3,4,1,1,685071
3863,3,3,33,2,3,3,1,638068
4624,3,2,34,1,1,2,1,671472
648,1,2,49,3,1,2,0,171181
4350,3,2,0,2,1,2,0,667811
2558,2,3,20,2,2,1,0,457341
1636,1,1,28,1,4,3,1,372409
686,3,2,5,1,1,3,0,198198
3354,5,3,36,0,2,2,1,611065
1750,6,1,0,2,2,3,0,406053
1833,3,4,0,3,2,1,1,441841
4693,2,2,26,1,2,2,0,685626
4650,4,1,20,2,1,2,1,734234
3211,3,2,15,3,2,2,1,592748
2285,4,2,43,2,1,1,1,380894
1250,5,2,39,1,1,2,1,275048
2262,3,1,25,0,2,2,0,396018
4420,1,3,15,2,1,2,0,634113
4960,4,1,27,3,4,2,1,827496
981,5,2,0,1,4,3,1,416032
653,1,1,35,0,3,2,1,212109
2024,1,4,9,3,4,1,0,457729
2620,1,3,42,3,1,2,1,448396
2843,1,1,16,3,1,2,1,448857
1740,3,4,22,2,4,3,0,479570
560,6,3,6,1,2,2,1,283639
1438,3,4,43,3,2,3,1,383298
2139,3,3,6,2,1,1,0,419556
4620,5,1,43,1,2,3,1,698454
4726,5,4,14,1,3,2,1,813053
4069,6,2,33,2,3,1,0,716724
1752,5,4,45,2,4,2,1,501384
4703,2,3,44,3,4,3,0,765730
671,6,1,3,1,2,1,1,268426
1958,5,3,13,0,1,1,1,417678
4049,6,4,13,2,4,3,1,826150
4697,3,4,15,1,3,3,1,770346
2822,3,2,6,1,4,1,1,541761
2136,6,1,31,3,4,1,0,496025
3615,2,1,18,0,3,3,1,612987
4590,2,4,1,3,1,2,1,723018
3504,6,1,9,0,4,1,0,656865
829,5,2,49,0,4,3,0,289077
4140,4,3,16,2,4,2,1,718706
4394,2,1,36,1,2,1,0,610001
4607,1,4,11,1,4,1,1,771304
1841,3,3,5,1,3,3,0,416403
4163,6,3,21,0,1,2,0,631587
715,1,2,31,1,1,1,1,136687
838,6,4,40,2,3,2,0,322278
4562,3,1,19,0,2,2,1,708193
3208,3,4,0,0,3,1,0,601083
3652,2,3,46,0,1,2,0,537194
2250,2,4,5,0,3,1,0,425681
2921,1,1,18,2,2,2,1,461045
1209,6,1,17,1,1,1,1,316412
4226,3,2,5,2,2,3,0,688822
4142,1,1,44,1,3,1,1,629843
4493,4,1,32,2,4,1,1,718278
988,1,4,22,3,3,1,1,299622
546,5,4,22,3,2,2,0,276326
3859,1,3,25,3,3,3,1,672824
900,5,2,12,3,4,2,0,378746
4490,5,4,6,0,2,2,0,735885
3657,5,1,14,0,3,1,0,619255
4845,4,3,43,2,2,2,0,740697
890,1,4,26,2,2,1,0,250712
4353,1,2,25,3,1,3,1,656617
4930,4,2,32,1,1,2,1,732314
1128,3,3,14,3,2,2,0,305792
4732,2,3,35,2,3,2,1,758465
3430,1,3,44,3,3,1,1,590091
2021,2,3,26,2,3,1,1,436069
1326,6,3,4,3,4,2,1,480536
2000,6,1,1,1,2,2,1,479054
3794,4,1,32,3,2,3,1,645983
2919,6,4,15,1,4,3,1,642300
1434,6,2,22,1,2,3,0,380152
3542,3,1,37,2,2,3,0,529116
4997,3,1,15,1,4,3,0,777011
1966,3,1,13,0,1,1,1,352236
4061,6,4,28,0,2,3,1,722247
1114,4,3,25,0,4,3,0,328778
1682,5,4,34,2,3,2,1,440983
3723,5,2,14,0,1,1,1,585438
3167,2,2,2,2,3,3,0,556706
630,5,2,22,2,2,3,0,279871
3483,5,2,28,0,1,3,0,562690
4778,3,1,33,1,4,2,1,774577
4959,3,1,32,3,2,2,1,746560
538,6,4,40,2,4,2,1,324567
4459,2,3,40,0,1,3,0,651483
4087,1,2,22,2,3,2,0,649682
1420,2,4,6,1,2,3,1,348466
3269,2,1,2,1,2,1,0,525071
4611,4,1,31,0,4,3,0,743115
992,6,3,30,2,1,2,1,306297
1631,4,3,17,3,4,1,0,444824
4021,2,3,42,3,1,3,0,584090
810,2,4,6,2,2,1,0,251524
1238,2,1,40,2,1,1,1,243989
3741,5,1,0,2,2,1,1,638930
1045,4,3,13,0,1,3,0,278381
2961,2,2,31,1,3,2,1,562901
4846,3,3,5,3,1,3,1,752434
2304,6,4,38,0,3,2,1,481777
3712,6,3,9,2,1,3,0,598205
4310,3,3,6,2,1,3,1,689390
1313,6,4,25,1,4,3,0,416296
4624,5,3,33,2,4,2,0,799637
2532,5,1,29,0,2,3,1,479291
4913,1,2,35,0,4,1,0,696495
744,1,3,20,1,1,3,1,176982
771,1,4,16,0,4,1,1,301638
4011,6,2,32,3,1,2,0,648428
2271,5,4,9,0,3,2,0,485803
1762,5,2,46,0,1,3,1,319497
2924,5,2,41,0,2,3,1,535507
4861,3,3,11,3,3,3,1,849957
1420,5,1,15,2,2,1,1,363959
3930,3,3,40,0,2,2,0,579650
4935,1,4,31,1,2,1,0,709291
4984,1,4,14,3,4,1,0,780557
3124,6,2,26,1,2,3,1,608239
4260,1,2,27,0,3,3,0,644236
2550,6,1,16,1,1,1,0,407836
4000,2,3,45,0,2,1,0,571986
1665,2,4,49,3,3,3,0,391866
875,4,2,1,1,2,3,1,300539
2533,6,1,35,1,1,1,0,420442
645,4,4,49,0,3,3,0,235711
4888,4,2,6,0,3,3,0,791090
931,2,4,12,2,1,1,0,225150
1204,6,1,14,0,3,1,1,315151
3132,2,1,24,0,1,2,1,462214
4994,4,4,22,2,3,1,0,827302
1463,6,3,21,0,3,3,1,416021
2734,4,4,25,0,1,1,1,513839
2541,5,2,32,2,1,1,1,469899
2328,6,3,10,3,3,1,1,557135
2608,6,2,9,3,3,2,0,553192
4568,4,4,24,0,1,2,1,706594
1438,5,3,36,0,4,3,1,418491
1306,3,2,47,2,1,2,0,248074
1963,2,4,42,2,3,1,0,408577
3915,4,4,37,3,3,2,0,665483
510,6,3,40,1,3,1,0,241682
2368,2,4,44,0,1,2,1,375496
1384,2,1,23,1,3,2,0,346593
4064,2,2,39,1,4,2,1,692086
1889,3,2,45,2,2,1,1,378769
3901,1,4,32,0,4,2,0,620369
4821,4,4,16,0,1,1,0,724186
1324,1,1,23,2,3,1,1,308148
2765,1,3,36,1,1,3,1,447283
1436,1,4,1,2,2,2,0,310987
3300,2,4,31,3,1,3,0,536405
3053,5,4,23,0,3,3,0,576483
4345,2,4,8,3,2,1,1,700687
2296,2,2,3,2,2,2,1,462802
553,6,4,16,0,3,1,0,258805
1226,6,2,16,3,3,1,1,412615
3236,1,4,49,3,3,2,0,561809
3670,2,3,47,1,1,1,1,524207
2413,1,1,29,0,4,2,1,437953
2096,6,3,39,3,1,2,0,417859
2414,5,4,10,3,1,1,0,478320
2966,4,4,20,1,4,1,0,582862
3237,1,4,20,3,3,3,1,613111
1349,5,3,17,3,3,1,1,447539
2609,4,4,28,3,4,2,0,554525
502,3,3,23,1,4,3,1,267536
4755,1,2,9,3,1,2,0,694918
4569,1,1,44,3,2,3,1,712746
1392,3,1,16,0,4,1,0,347095
2530,3,3,17,0,1,1,1,412245
3660,1,2,41,1,2,1,1,545922
2876,3,3,47,2,3,2,1,517149
2433,2,2,19,0,3,3,1,482617
1880,4,4,36,1,1,2,0,333774
4181,4,2,44,3,1,3,1,653517
1790,4,2,17,3,4,1,0,423113
2140,2,2,16,1,3,2,0,416536
3182,3,1,8,3,1,1,0,493113
1487,5,2,13,3,3,2,0,406575
1718,3,4,48,2,3,1,1,404207
1855,1,4,28,3,4,2,0,409466
4765,6,4,30,0,2,2,1,799337
4635,4,2,3,3,4,3,1,835824
2060,3,3,17,1,1,1,1,367829
1918,5,3,19,2,4,3,1,559778
1454,1,4,46,3,4,3,0,384208
1483,2,1,42,1,3,1,1,316294
1474,2,3,43,0,4,2,0,372784
4633,5,2,8,3,1,3,1,794396
4472,1,3,12,2,2,1,1,688133
1413,4,4,14,3,4,2,0,439307
536,3,1,26,1,4,3,1,259759
3887,1,3,14,2,2,3,1,632296
2211,2,3,27,3,1,3,1,414738
3520,5,4,36,0,1,2,1,591296
1295,5,1,18,2,4,3,1,423655
4536,3,1,25,0,3,2,0,698516
3611,5,4,25,1,4,3,1,720072
1824,5,2,24,3,2,1,1,397465
817,1,3,25,0,2,3,0,194270
2896,4,2,25,1,2,1,1,503591
2662,3,3,45,3,4,1,0,516795
3245,1,3,27,1,4,1,1,602815
2091,4,2,48,0,1,2,1,344261
3611,1,4,17,1,3,1,0,583571
4430,6,4,31,2,4,3,1,852860
2496,1,3,2,3,1,2,1,443922
1812,5,4,1,1,4,1,0,486848
1785,4,3,32,0,1,2,0,327809
4811,3,4,41,3,1,2,1,743655
2883,3,3,18,2,3,2,0,533990
3739,4,4,16,3,4,3,1,756221
2639,5,1,43,2,1,1,0,396378
2204,2,2,32,3,2,2,1,416613
862,1,1,11,1,2,2,0,213571
3104,5,2,48,1,2,2,0,529753
2216,6,2,2,0,3,1,0,506179
4951,4,3,42,2,1,2,0,714699
4786,1,2,48,0,3,2,0,710509
4238,3,1,25,1,4,3,0,686379
2969,2,1,34,2,4,1,0,545652
1056,6,4,7,0,1,3,0,329469
1325,3,1,35,0,2,1,0,237730
3308,4,4,6,0,1,1,1,569300
3219,1,2,45,0,1,1,0,426255
4008,4,1,45,0,1,3,1,608471
4241,1,2,35,2,3,3,0,649454
2074,5,1,15,0,4,3,1,486735
4498,2,1,23,2,1,3,1,689741
2629,5,4,0,0,1,2,0,482505
2903,5,2,48,1,1,2,0,481488
3829,4,1,24,1,3,2,1,648772
1088,2,3,9,0,3,1,1,345693
2512,1,2,15,3,3,2,0,450873
2047,1,2,15,1,1,1,0,308357
794,6,2,7,2,2,3,0,338170
2485,3,4,28,0,2,1,1,452901
3617,6,3,38,2,2,1,0,649661
2190,6,2,27,3,4,2,0,539036
1636,1,1,5,0,1,3,0,270227
2564,4,1,15,1,2,3,0,425414
4955,5,4,19,2,2,2,0,798013
1507,5,1,15,1,2,3,1,376872
3014,5,2,6,1,1,3,1,568224
4026,2,1,40,0,2,3,0,608888
1747,1,2,13,2,2,2,0,320540
4402,4,1,42,3,1,3,1,691663
1935,2,3,25,1,4,1,0,431508
1071,3,4,25,0,3,1,1,345988
2882,4,4,13,0,2,3,0,537413
1745,6,3,6,3,3,2,1,452750
2584,4,3,32,0,4,2,1,538371
777,4,4,25,1,4,2,0,304125
2387,5,3,44,0,2,3,1,467187
1765,4,2,19,2,1,3,0,374200
1540,6,1,2,2,4,1,1,464303
1417,6,4,3,1,3,2,0,444601
1385,1,3,25,2,3,1,0,322035
3252,4,2,10,3,3,1,0,568273
521,5,4,1,0,3,2,1,265303
3691,4,3,13,1,4,3,0,685496
2853,3,4,43,3,2,3,0,510681
1186,3,3,29,0,2,1,0,248581
784,5,4,48,3,3,1,1,297667
4247,1,2,11,1,2,1,0,603145
1262,1,2,25,1,3,1,1,299550
2928,6,1,43,3,3,2,1,593277
3007,6,4,32,0,1,1,1,540012
528,2,1,12,2,4,1,0,275921
1406,5,4,13,2,4,3,0,424607
3604,4,3,23,3,3,3,1,696701
4499,5,3,33,1,4,3,0,779425
3494,2,1,43,0,2,2,0,516773
3006,6,4,25,0,3,2,1,600989
4109,5,1,20,1,1,3,1,674513
4053,5,2,27,2,2,3,0,673664
1953,6,1,47,0,1,1,1,348171
3856,2,1,35,3,1,1,0,544479
1015,6,3,39,2,4,2,1,392808
538,1,1,1,3,4,2,0,266543
3842,4,4,41,2,3,1,0,630644
1386,6,3,8,1,4,3,1,464332
3344,2,1,22,3,1,1,0,501586
2704,3,2,14,3,1,2,0,458940
1598,1,1,12,1,2,2,1,347098
2323,3,1,22,3,1,1,0,401640
3701,6,1,16,2,3,1,0,651170
3655,1,3,47,0,3,1,0,554333
3593,4,4,1,0,4,2,1,705273
4030,6,2,19,1,4,3,1,769465
4278,4,1,19,2,4,1,1,706646
3396,5,4,45,3,3,2,1,649489
3953,3,4,2,3,1,2,1,637071
4011,1,3,11,0,4,2,0,685085
1488,4,2,39,3,2,1,0,328143
4616,2,3,1,0,4,1,0,743253
4526,4,4,35,1,3,3,1,790055
4679,2,4,13,3,4,2,0,803526
2182,6,4,15,2,1,1,1,448267
4463,1,3,18,3,4,2,0,736741
1433,4,2,33,0,3,2,1,353856
4098,4,1,43,1,3,3,0,618469
3733,1,3,45,0,2,1,0,517154
2480,4,4,5,3,3,1,1,550929
2355,2,3,12,0,2,2,0,412700
3556,4,4,35,0,1,2,0,523075
1292,3,1,21,1,3,3,1,367273
1291,6,1,17,2,4,3,0,405277
2309,5,2,11,3,1,3,0,452031
2755,2,4,29,1,4,3,1,572412
4110,3,2,39,2,4,3,1,704238
2107,6,2,6,0,4,3,1,540167
1484,1,1,31,2,1,2,1,263938
4176,2,3,47,0,1,3,1,590588
3880,5,3,18,0,3,2,0,679668
1019,6,2,5,1,4,2,1,433113
1090,5,1,19,0,2,1,1,310096
1550,1,4,26,1,3,2,0,362659
4133,1,3,42,2,1,2,0,568947
4944,2,2,36,2,2,3,0,690527
1459,4,3,47,0,1,2,0,309282
1192,1,3,6,1,2,3,0,324330
4399,6,4,4,0,3,3,1,832536
4973,4,1,10,1,2,3,0,748044
3446,3,4,14,1,3,1,1,605227
1026,5,1,2,1,1,3,0,251206
3724,4,3,4,2,2,2,1,627005
2753,5,2,22,1,4,3,0,563612
3844,4,4,36,2,4,3,1,761593
4465,3,1,8,1,1,3,1,672566
2375,1,3,14,2,2,1,1,443846
2263,3,1,2,3,4,2,1,545471
1020,1,1,28,2,3,1,1,261918
1516,1,1,5,2,2,2,1,366630
616,5,3,16,0,2,1,1,304961
2933,6,2,25,1,4,2,1,614337
1083,3,2,20,3,3,1,1,324409
894,4,2,7,0,3,3,1,338624
4288,3,1,20,1,3,1,0,656609
3268,5,3,10,3,2,1,1,595028
4667,1,1,37,3,1,3,1,692064
4360,5,2,7,3,2,3,0,754928
773,2,2,41,1,2,2,1,228070
2513,2,3,23,3,4,2,1,514902
4933,4,1,34,3,1,2,0,688169
1889,5,4,13,0,3,1,0,439424
4066,4,4,13,2,4,2,1,756522
665,4,2,9,1,2,1,0,227778
2067,2,3,11,2,1,1,1,408679
1228,4,1,37,0,3,2,1,335423
2543,2,1,43,2,3,2,1,491322
4697,1,2,45,3,2,1,0,644827
3996,5,2,33,3,3,3,1,714256
1278,4,1,40,1,3,3,1,357539
713,2,1,9,1,1,1,0,177321
4262,3,2,16,1,4,2,1,769287
2076,4,1,16,0,1,1,1,379730
2948,6,4,2,1,4,1,1,690122
3436,1,2,30,0,4,2,1,599120
3617,1,1,0,3,4,3,1,681283
1091,3,2,11,2,3,1,1,327649
3220,2,3,38,3,1,3,0,506285
1213,4,2,3,3,3,3,1,414378
1435,2,2,41,3,2,2,1,356659
4837,1,3,12,1,1,1,0,684424
501,2,4,33,1,4,1,1,273056
3348,1,1,41,1,3,3,1,572506
4544,2,3,20,2,3,3,0,685440
2449,3,2,21,1,1,2,0,373635
1417,5,1,3,0,1,3,0,322272
3674,3,3,17,3,4,2,0,674562
2741,3,1,4,2,4,1,0,542830
589,5,1,18,2,2,2,0,240568
2209,5,3,1,2,4,3,0,550698
2669,4,1,11,2,3,1,1,510191
4738,4,4,16,2,2,2,1,796169
3541,3,3,9,0,2,1,1,611608
605,3,4,33,3,2,2,0,269611
1386,1,2,5,2,1,3,1,340591
927,1,1,7,3,4,3,0,311521
2395,4,2,10,1,2,1,1,471878
816,6,2,11,2,1,1,1,255656
1134,6,1,8,2,1,1,1,304051
2425,4,3,1,3,2,2,1,513338
2556,1,1,7,2,2,3,0,453126
3644,1,2,10,2,3,1,0,574059
2770,6,2,35,2,2,1,1,547326
1939,2,3,9,0,3,1,0,389447
1052,2,1,20,0,2,2,0,224696
1215,1,2,19,2,2,1,1,287577
4411,2,4,47,0,4,1,0,689896
2213,5,2,7,1,2,2,0,436379
3889,4,2,35,2,2,2,0,584584
1607,4,3,28,1,3,1,0,369480
4706,1,4,41,3,3,1,1,738320
750,3,2,11,1,4,2,1,310880
2930,6,2,13,3,2,3,0,577537
2554,1,4,47,2,2,2,1,466052
958,2,1,49,3,3,3,1,291403
707,6,1,20,3,1,1,1,283748
1399,3,2,21,1,1,1,0,279591
3961,2,2,20,1,1,3,0,571418
3885,5,1,43,1,3,2,1,650542
521,2,3,49,2,3,1,1,238576
909,5,4,29,2,1,3,0,294355
1394,6,4,38,1,1,2,1,383836
1014,5,3,19,2,2,3,0,345303
4609,6,3,23,2,3,2,1,800850
2634,6,3,22,3,3,2,0,558439
4095,6,3,6,3,1,2,0,702020
3456,6,3,8,1,1,2,0,611679
2060,6,3,0,2,4,3,0,555979
1766,2,4,25,3,3,3,1,437642
2669,6,3,37,0,4,3,0,535599
4138,2,1,37,2,2,3,1,617981
1249,6,3,43,0,4,3,0,390932
3927,5,3,21,1,1,2,0,628284
2427,6,4,43,2,3,1,1,515866
4304,3,4,9,1,3,1,1,736171
4202,6,3,5,1,4,3,1,817864
2856,6,4,16,1,4,3,0,598895
2835,5,2,49,1,2,1,0,500099
806,4,4,37,1,2,2,1,278569
4165,5,4,23,2,1,3,0,703552
2489,3,4,9,0,1,2,1,444810
1161,4,4,7,2,1,1,0,279187
811,1,1,20,2,4,1,0,247157
3420,1,1,5,2,4,3,0,595497
1582,3,1,20,3,3,2,1,384070
3471,5,3,38,3,1,3,0,576799
1254,2,3,23,2,4,1,1,377759
4630,3,2,32,0,3,2,1,726576
852,4,1,17,2,1,3,0,233317
1402,4,3,27,1,2,3,1,327455
4388,6,4,31,3,2,3,1,786593
658,1,4,11,3,4,1,0,289375
2477,4,1,47,2,3,3,1,522845
1456,3,2,41,2,2,2,1,313128
2571,4,2,26,0,3,3,0,449554
903,3,4,9,0,3,1,0,304521
3279,2,2,45,1,2,3,0,512410
1887,6,1,41,2,3,1,1,418471
3953,1,4,31,2,2,1,1,594965
1455,4,3,41,2,4,2,0,424547
2212,3,3,25,3,1,2,1,455722
1773,5,2,24,1,1,3,0,306810
4311,1,4,10,0,4,1,0,691155
3125,2,4,22,3,2,1,0,566683
2882,3,3,33,3,2,2,1,521918
1941,6,4,39,3,2,2,1,460907
3479,6,4,22,3,2,3,0,646224
2297,2,4,28,1,4,1,0,446822
4890,2,2,30,2,1,2,1,673704
4509,6,4,6,0,3,3,0,809330
1894,4,1,39,0,3,1,1,354221
4781,4,2,32,3,1,1,0,705065
1769,3,4,20,3,4,2,0,473011
4214,5,4,1,1,3,3,1,747855
1029,3,1,17,3,1,2,1,249394
4123,5,2,46,0,4,3,1,750223
3458,2,3,32,0,3,1,1,589017
3414,1,3,36,2,2,3,1,548534
4091,3,2,33,2,2,3,0,661564
2647,3,4,19,0,4,3,0,563570
3869,5,4,34,0,2,3,1,674461
1439,2,3,49,1,4,3,1,360476
1025,2,3,17,1,1,2,0,223131
501,5,3,45,0,1,3,0,194847
874,2,1,23,3,3,3,1,293708
2840,6,3,7,2,4,1,1,652979
4505,4,1,29,0,3,3,0,672804
3552,6,2,43,3,3,1,1,628954
2865,1,4,9,0,1,2,0,449217
2025,3,3,22,2,3,2,0,422569
4976,1,4,48,2,2,3,1,738179
2146,3,4,10,1,3,2,0,423158
513,4,3,1,1,4,3,0,311150
2778,2,3,25,1,2,2,0,464304
3655,6,2,35,1,1,3,1,626669
629,5,1,32,2,4,3,0,302258
4314,6,1,46,3,2,1,1,703227
3716,4,4,12,3,4,1,0,725860
3438,1,3,39,3,2,1,0,504110
4428,5,2,24,0,4,1,0,749887
2540,2,2,3,1,4,3,0,476977
527,4,2,41,1,2,2,0,183672
2613,5,2,18,2,1,3,1,472906
1752,4,2,17,2,1,1,1,379278
4856,4,1,36,0,4,1,0,752611
2546,2,1,29,0,4,2,1,485049
4523,3,1,18,3,1,1,1,656225
4896,5,3,22,2,1,3,0,748926
3874,2,4,15,1,3,3,1,664610
3966,4,2,0,3,1,3,1,676589
3581,2,3,11,1,4,3,1,646098
4278,3,2,23,3,2,3,1,729555
1129,6,1,33,1,1,2,0,233568
769,5,3,7,0,3,3,1,320549
3139,3,1,17,3,3,1,0,581624
2493,1,2,47,1,3,1,0,399857
3391,5,2,4,1,2,1,1,579422
3932,3,4,25,2,1,1,0,607221
1780,4,2,29,3,1,2,1,365892
2860,5,1,12,1,1,1,0,451882
1075,5,2,18,2,2,2,1,312682
1807,2,4,28,1,2,1,1,430807
3692,4,4,2,3,4,2,0,710408
3678,1,1,25,0,3,2,1,540848
3234,6,3,39,3,3,2,1,673754
2712,3,2,11,3,1,1,1,490861
2852,2,4,1,1,2,2,1,515110
4068,3,2,10,1,2,3,0,624497
2155,1,2,43,3,1,3,0,360669
2079,1,3,27,2,1,1,0,331941
2703,5,4,17,2,4,3,1,584240
1890,1,2,12,2,3,3,0,425944
2242,3,4,36,1,3,3,1,473560
2425,4,1,21,1,3,1,1,509111
1119,4,1,11,3,4,1,1,406048
1774,5,2,1,0,1,3,0,345059
1456,6,4,36,1,1,1,0,352583
2439,3,2,6,3,3,2,0,479851
4453,3,4,25,3,3,3,0,714025
2881,1,4,25,0,4,1,1,533228
1468,3,3,23,2,2,1,0,334712
1816,2,3,11,3,2,3,0,379865
1543,6,3,15,3,3,1,0,421019
781,1,2,22,3,4,3,0,311991
3344,2,3,39,2,3,1,1,581209
1558,5,3,8,2,2,2,0,370694
4793,4,1,31,0,3,3,0,750400
3032,5,4,14,1,2,2,0,565593
4328,4,4,36,2,2,3,1,677127
1508,5,3,12,1,2,1,0,368927
1729,3,4,4,1,1,2,0,361116
1535,2,1,10,2,1,1,0,276602
775,4,1,9,3,3,3,1,344634
3240,1,3,12,0,2,3,1,525752
2789,2,1,40,1,1,3,0,415409
1739,1,4,45,3,3,3,0,348340
625,2,2,49,2,3,3,1,256941
4565,2,4,14,1,3,2,1,794661
4812,5,2,41,1,3,3,1,772742
4368,4,3,6,1,3,1,1,733163
1708,4,2,39,3,4,2,1,434559
3749,2,1,27,3,2,1,0,570879
1418,3,4,31,3,3,3,0,361099
4423,3,2,34,1,4,1,0,718984
4903,1,4,14,1,2,2,0,743096
2469,1,3,47,0,1,2,1,391366
3293,5,3,35,0,3,2,1,573791
1391,2,1,20,3,4,1,1,395823
4970,1,3,5,3,1,2,1,763147
2533,1,2,0,2,4,1,1,532563
1864,6,3,3,3,2,3,0,468736
628,2,1,10,0,2,3,0,197763
1514,5,4,43,0,1,1,0,328927
2299,1,4,25,0,4,2,0,493350
2018,5,3,36,1,3,1,0,413299
4681,4,2,22,1,3,1,1,782682
1698,5,1,28,3,1,1,1,359635
4373,3,2,20,2,1,3,1,674166
2974,3,1,47,2,1,1,1,428549
3985,5,3,44,2,4,3,1,737304
4549,3,1,44,1,3,1,0,655734
4219,4,1,48,0,3,3,0,644602
802,2,3,26,0,3,1,0,217476
4452,3,2,38,1,1,1,1,636861
1486,3,3,39,2,3,2,1,370997
2363,5,1,12,2,2,2,1,483895
4940,4,3,22,3,1,1,1,731905
3572,2,1,15,3,3,1,0,557729
3624,5,3,29,2,4,1,1,702918
1827,5,4,3,1,1,1,0,371891
2908,6,4,39,2,2,2,1,598250
4173,4,3,15,3,2,3,0,703265
3791,2,2,30,2,4,1,1,670055
4533,4,1,41,1,4,2,1,782373
1203,2,4,24,0,1,1,0,234965
1074,4,2,43,1,1,1,0,214990
3732,5,1,11,1,2,3,1,662474
3132,5,4,25,3,4,1,0,647030
4328,1,4,36,1,1,1,1,622813
3730,3,3,47,1,2,3,1,637829
988,6,1,32,3,4,3,0,364715
1847,4,2,27,3,2,3,1,423695
4181,6,2,8,0,3,3,1,748744
3673,1,2,11,2,4,2,0,608268
2167,3,1,4,1,1,2,1,396391
2137,4,2,27,3,1,2,1,447775
4614,2,2,34,0,3,1,1,712379
4053,3,2,4,2,4,3,1,741781
1500,5,3,33,3,2,3,0,375364
1350,1,3,45,2,1,2,0,249617
1888,3,1,33,2,3,1,0,390155
4212,3,1,12,1,3,1,1,698024
1867,5,2,38,1,4,1,0,424002
1321,4,3,41,3,4,2,0,394215
954,2,4,44,2,1,1,0,224878
2124,5,4,47,3,3,1,1,473136
3272,2,2,13,3,2,1,0,537604
4226,4,2,10,2,3,3,0,673893
3647,3,3,41,3,2,2,1,626490
4589,2,3,37,2,2,3,1,729286
2690,1,3,3,2,1,3,1,485350
1416,1,1,32,2,3,2,1,314419
4486,5,1,6,2,2,3,1,755700
3375,4,2,40,0,4,1,1,638479
1940,5,1,7,2,2,1,0,430475
4900,5,3,36,1,4,1,0,807616
1235,6,3,9,1,4,1,1,432786
4068,5,1,42,1,3,2,1,704778
3838,6,4,14,2,4,3,0,721343
3515,1,2,37,1,2,3,1,543738
3389,1,4,14,0,4,1,1,638191
1461,5,2,4,3,3,1,0,418624
3489,1,4,28,2,1,3,1,565665
4348,4,1,18,1,2,2,1,660243
1526,6,2,9,0,2,3,0,372921
4365,6,2,11,3,3,1,0,745201
3363,5,2,3,0,3,1,0,604780
3001,1,3,30,1,3,2,0,486933
2447,2,3,17,0,3,3,0,439525
1677,6,4,15,3,2,2,1,416942
511,5,1,39,1,1,2,1,222556
4899,5,3,35,3,4,1,1,845884
3864,4,2,24,0,4,3,1,700622
3522,3,3,22,2,1,1,1,568995
3871,3,1,11,2,1,3,0,565371
3330,6,3,33,2,1,1,1,557018
542,4,2,35,2,3,1,1,243933
1443,4,4,36,3,2,3,1,376896
2890,4,2,2,2,2,3,1,565532
3045,6,1,8,3,2,1,1,568085
2911,3,4,17,1,3,3,0,587649
1504,4,3,42,2,2,1,1,376423
520,1,3,34,3,3,3,1,271367
906,5,3,33,2,2,1,1,303926
1514,5,4,40,2,1,1,1,385965
4931,2,2,13,2,4,1,1,803959
2338,2,4,3,3,4,2,1,546534
3688,6,4,28,0,3,3,0,675559
1214,6,1,40,2,2,1,1,342716
4646,5,4,44,2,4,2,0,814058
4354,1,3,49,1,1,1,0,572777
4919,3,2,14,0,1,2,1,708420
640,3,2,27,3,1,1,1,229998
1463,6,2,41,1,3,1,1,404064
872,1,3,15,2,3,2,0,261772
4135,6,3,11,1,2,2,1,692656
3041,3,3,4,1,1,3,1,527573
4110,6,3,33,2,2,3,1,734270
2192,4,3,41,0,2,2,0,438348
605,6,4,0,0,1,3,0,240640
2181,5,3,38,1,2,2,1,444788
4597,6,3,31,2,4,3,0,809051
4516,5,3,25,3,3,1,1,813036
3136,1,3,16,1,2,3,0,507821
2637,3,2,47,3,1,1,1,422693
3916,2,3,26,1,3,1,0,634293
4945,2,4,23,1,3,3,1,793907
4030,3,4,34,2,2,2,1,645912
1786,2,4,45,2,4,1,0,386464
3679,6,1,41,3,2,1,0,643360
4154,1,2,38,3,4,3,0,688764
2859,1,3,25,0,3,2,0,482235
944,3,1,48,2,2,2,0,222882
535,2,3,37,1,1,3,1,195442
1975,6,1,22,1,2,2,1,438004
4457,1,1,21,0,4,3,0,694883
2298,1,4,3,2,4,3,1,527656
2345,4,4,48,1,2,3,1,487375
1908,4,1,8,0,4,1,0,423022
2208,1,4,3,0,3,1,1,429001
3438,3,1,6,1,2,1,1,555511
1800,5,2,22,1,4,3,0,411819
1743,5,4,1,3,2,1,0,469896
4476,6,4,48,2,2,1,1,766975
3597,1,4,23,3,1,1,0,527638
509,1,2,39,0,2,3,1,172243
2925,1,1,30,1,1,3,0,405262
2160,3,3,46,3,4,3,0,508250
3131,4,4,30,0,1,1,0,469322
1572,1,1,46,2,1,2,0,247129
3725,1,2,39,1,1,1,1,525629
1816,2,3,47,3,3,1,0,390856
4645,3,4,42,2,1,3,0,688719
4183,6,2,33,3,2,3,1,693395
3773,1,2,23,0,1,1,1,531337
645,2,3,48,2,2,1,1,198556
3540,5,1,25,3,1,2,1,594391
1962,6,4,15,2,3,2,0,516123
2084,1,4,46,0,4,3,1,410491
982,1,1,12,2,1,2,0,185235
3679,2,1,14,3,1,2,1,562226
1749,3,1,26,0,3,3,0,352447
1130,1,3,3,1,1,2,1,280002
1161,5,3,15,3,2,1,0,332849
4003,1,4,29,3,1,2,0,604476
3352,5,3,43,0,1,3,1,545324
2966,6,2,29,0,4,1,0,579318
1487,6,4,35,1,4,2,0,449995
2046,4,3,2,3,1,1,0,393274
1149,4,1,21,0,3,1,0,306707
1468,5,2,48,1,4,2,1,408807
3137,3,1,21,1,1,2,0,493549
1600,1,4,49,0,4,3,0,355771
940,1,1,49,3,1,3,1,217224
1269,4,3,48,2,4,1,1,382067
1843,5,3,11,2,4,3,1,510435
4858,1,4,20,1,2,1,0,713138
4229,1,1,3,2,1,1,0,600816
4406,3,4,30,2,1,3,1,671728
2077,2,1,43,0,1,3,0,339512
4508,4,2,30,1,1,3,1,652766
3851,4,3,22,3,4,2,0,692823
2849,2,4,19,1,2,1,1,505794
4102,1,2,14,0,2,1,0,596287
1741,3,2,22,2,3,1,1,434843
1625,3,4,27,3,1,3,0,313234
3101,4,4,15,1,3,3,1,606966
1690,3,2,36,2,4,3,0,364463
4631,6,1,20,1,3,3,0,766352
4948,2,2,14,3,1,3,0,725993
572,1,4,16,1,2,2,1,261655
2414,6,2,49,1,2,3,0,460892
2972,2,1,36,1,1,1,0,438720
3546,5,3,12,2,4,3,0,702596
1207,4,3,18,3,1,1,1,310735
2304,3,2,29,3,4,3,0,468100
4213,5,1,44,2,2,3,1,691860
3064,3,3,17,2,4,1,0,553237
2975,6,2,13,2,1,1,1,569504
4110,1,2,35,0,1,1,1,563958
4755,1,1,35,1,1,1,0,641503
3323,1,4,19,1,4,2,1,607955
2235,3,2,18,3,4,1,1,511177
2085,5,4,44,1,4,3,0,496186
566,1,4,43,0,2,3,1,204619
3561,5,3,6,2,3,2,1,675866
2928,3,4,43,3,3,1,1,570809
4653,6,1,3,3,1,3,1,748436
841,5,3,33,1,2,2,0,247331
3274,6,3,1,3,4,3,1,741936
3317,3,3,4,2,1,2,1,581383
3161,3,2,9,3,2,2,0,548437
1732,4,2,31,2,1,1,0,358342
4374,3,4,41,0,2,2,1,680724
2901,3,3,40,0,2,3,0,507574
1994,2,3,12,2,3,3,0,433191
4711,1,1,38,1,1,1,0,589424
1161,4,4,4,3,4,1,0,439080
4383,4,1,9,1,3,2,0,726574
4119,4,4,9,3,3,1,0,720659
2368,2,4,37,0,4,3,0,491103
2834,6,2,26,0,2,3,0,509205
3874,3,2,20,0,4,1,0,662462
1516,1,1,7,3,1,1,1,248498
4906,5,4,0,0,4,1,1,844323
707,6,3,27,0,2,2,1,309825
3165,3,2,48,0,4,2,1,566406
2993,2,3,38,0,2,3,1,507910
1132,3,1,13,1,2,2,0,241504
2602,3,2,20,0,1,2,0,448197
3459,2,2,29,0,4,2,1,630690
3583,4,4,20,1,4,2,1,688946
2431,4,1,48,1,1,3,0,381226
4219,1,4,8,3,2,1,1,706472
3062,1,2,16,2,4,3,0,597289
2179,4,1,4,0,1,2,1,420355
736,6,2,30,0,2,1,0,289756
4943,5,1,39,0,1,1,1,693512
2040,3,2,37,3,4,1,0,425812
4443,5,3,42,0,1,3,1,665781
863,3,3,18,2,3,1,1,321995
2868,4,4,35,1,2,3,0,521672
785,1,3,49,3,3,3,0,246960
648,6,2,32,1,3,2,1,323345
4537,1,2,12,0,2,2,1,699486
2266,5,3,13,0,2,1,0,410006
1512,1,4,32,0,1,1,0,244900
3331,4,3,28,2,2,2,0,585722
3007,6,1,42,2,3,3,1,578885
2023,5,1,48,3,3,3,1,444395
3285,6,1,35,1,4,2,0,634570
3056,3,3,43,0,2,3,1,496529
4225,1,3,9,0,3,2,1,675768
2101,6,3,30,0,4,2,0,496692
2908,2,1,5,0,4,1,1,528483
840,1,4,0,2,1,1,0,237463
3317,3,2,6,1,3,2,0,566862
2996,6,3,26,1,1,1,1,565892
2225,5,4,20,3,3,2,1,532485
2189,3,2,27,2,1,3,0,397505
3767,2,2,15,0,1,3,0,562960
4906,6,2,45,1,2,3,0,748169
761,4,4,22,1,1,3,1,229650
1942,1,4,19,2,2,2,0,384055
905,5,1,37,3,4,3,0,341445
2690,4,4,24,3,3,3,0,566716
4937,6,4,27,0,4,3,0,848309
743,6,4,4,3,3,3,1,384351
4607,3,2,20,1,4,2,1,817009
1060,6,3,17,3,3,3,0,354152
4637,5,1,46,0,1,1,1,684319
3225,4,3,5,1,3,1,1,600507
1093,5,3,28,3,3,1,1,366044
2326,2,4,18,3,4,1,0,494377
3729,2,1,32,2,4,1,1,620811
3787,1,3,0,0,4,1,1,669864
4573,1,3,44,3,2,2,0,698372
633,2,1,2,2,2,1,0,213760
3638,6,4,41,1,3,3,1,692827
4419,5,3,20,2,3,1,1,748551
572,2,2,34,2,1,2,0,171776
4994,1,3,40,3,1,1,0,729406
4725,2,2,39,3,3,3,0,726186
3478,6,4,2,3,2,3,0,660240
4861,2,3,24,2,3,2,1,769898
2485,5,1,44,1,1,2,0,396211
1292,4,1,37,0,2,2,1,243534
4759,6,3,44,2,2,2,1,790980
594,1,4,19,3,1,1,1,195168
1633,5,4,43,0,3,1,0,350354
737,2,1,44,1,4,3,0,264303
3446,2,3,33,0,3,2,1,562479
3030,4,4,20,3,3,2,1,609826
2460,1,1,47,2,1,1,1,396928
1548,1,2,22,2,2,2,1,299975
3029,3,3,5,3,1,3,1,518828
3464,1,2,12,2,3,3,0,584466
1463,4,2,48,3,4,2,0,410149
1036,3,4,22,2,4,3,0,332233
4723,3,4,8,2,4,3,1,850513
4179,2,4,16,2,1,1,1,661299
4687,2,3,1,1,2,3,0,680456
4224,1,2,18,1,1,2,0,603450
1042,3,3,18,3,4,2,1,400172
1345,2,4,6,1,3,3,0,352364
4103,4,2,41,3,2,2,0,674606
3536,2,3,41,0,1,1,0,518249
2994,6,3,19,0,1,3,1,551142
4985,6,1,8,1,2,3,1,803771
3219,2,3,16,0,2,3,0,504023
2384,3,4,26,0,3,2,1,488528
4638,3,3,46,2,2,2,0,708155
4849,5,2,1,2,3,3,0,807596
3701,6,3,35,3,4,2,1,689169
3210,4,1,18,0,4,2,1,629174
2453,3,2,16,3,1,3,1,463364
4350,1,2,4,3,4,3,0,724207
1189,6,1,38,0,4,2,0,367423
2450,4,4,17,1,3,3,0,542892
956,4,2,6,0,1,3,1,216881
2630,3,4,16,2,2,3,0,508485
4476,4,2,38,0,1,3,0,616187
4744,3,2,35,1,4,2,0,766262
1679,2,4,39,3,2,3,0,364838
4785,6,2,44,3,1,1,1,758714
4065,5,4,3,2,1,3,1,697415
1382,2,1,37,2,1,1,1,223775
899,6,4,24,2,1,3,0,291672
1108,3,1,4,3,3,1,0,322896
2138,6,2,29,2,1,1,0,425667
2648,3,4,11,0,4,3,1,547523
1882,2,2,3,3,4,3,1,496981
1903,1,4,23,1,3,3,1,409002
1319,1,1,28,3,2,1,1,293128
3792,6,1,8,0,2,2,1,641442
1319,1,4,3,0,4,2,0,358523
919,3,1,23,2,4,3,1,355717
4719,4,2,13,3,3,2,1,776339
3802,3,2,4,3,2,2,1,639441
2008,4,3,17,3,2,3,0,441059
1267,2,1,41,1,1,1,1,282271
2544,5,2,18,2,1,3,1,471616
2639,4,4,11,0,1,2,1,527682
3529,1,1,17,0,3,1,0,574968
2049,3,2,16,2,4,2,0,456133
2264,2,1,29,0,3,1,1,407516
3145,1,4,23,0,2,2,1,509158
4216,2,2,10,2,4,3,1,739555
4981,5,3,34,0,1,2,1,724385
2793,3,3,22,3,3,2,0,533035
3208,6,1,16,1,3,1,1,637097
1400,3,4,0,2,1,2,0,314778
3584,5,2,14,1,3,3,1,662065
2509,3,4,31,0,1,3,0,389257
741,6,2,8,0,2,3,0,288001
2885,4,1,14,3,4,1,1,595289
4768,2,2,27,2,2,1,0,693834
1171,6,4,23,0,2,2,1,356783
663,1,4,34,2,1,2,0,175504
964,5,1,21,2,3,2,0,321918
3542,4,4,26,2,2,1,1,624663
2942,1,2,18,2,2,1,1,496939
2855,1,1,44,2,2,2,0,434699
4778,5,2,11,1,3,1,0,794028
3057,4,4,19,3,3,1,1,626179
1045,1,1,0,2,1,3,1,255257
4335,1,2,20,1,2,3,1,692568
1093,4,4,48,0,4,2,0,345165
4304,3,4,44,2,3,2,1,751379
1959,1,3,0,0,1,3,1,377218
3993,2,4,9,2,2,1,0,601121
3101,4,2,46,1,4,2,1,616416
2944,1,1,31,1,3,2,1,499183
3172,5,3,38,1,4,2,1,631200
4700,6,4,21,3,3,1,1,843826
516,2,4,17,0,1,3,0,173420
3691,6,4,47,3,4,2,1,738860
892,6,2,45,2,2,3,1,302202
924,1,3,31,0,2,3,1,271565
1071,2,2,26,1,3,1,1,292448
4131,2,3,27,0,2,1,1,625468
1620,3,1,17,1,4,1,1,382301
741,6,2,38,3,1,1,0,245895
4397,2,2,48,3,3,1,0,674982
4595,3,1,28,1,4,1,0,731768
2779,4,3,17,1,3,2,1,536334
1288,3,4,43,2,1,3,1,280136
1214,5,1,7,3,3,1,1,392591
3349,1,4,30,3,2,2,0,576572
1275,4,4,33,2,2,3,1,343072
4526,4,1,6,3,3,1,0,770108
2747,5,3,35,1,1,1,1,491318
578,3,4,17,0,1,2,1,219618
4426,1,1,37,0,2,3,0,604569
1355,3,2,8,3,1,1,0,265509
2648,2,2,8,2,3,3,0,519114
1531,3,2,45,1,4,2,0,347207
3771,4,1,7,0,3,1,0,601323
4076,1,2,34,1,2,3,0,614758
4682,3,4,17,3,2,2,1,734580
3956,1,2,4,3,2,2,0,586048
4006,1,2,13,0,1,1,1,571957
907,2,4,27,3,3,3,1,340105
3211,2,2,29,2,4,1,1,598814
3588,4,4,3,3,3,1,1,683124
2168,5,2,38,3,4,3,1,578367
647,1,4,19,3,3,3,0,264882
4827,5,2,24,1,2,3,0,748424
4397,4,4,27,1,4,2,0,744100
2450,1,1,11,0,3,2,1,445678
865,1,4,1,0,1,3,0,232299
2174,6,2,42,0,1,2,1,436351
4994,5,2,13,3,3,1,1,811094
3046,3,3,21,1,2,3,1,543800
1062,2,4,30,2,4,1,1,363374
4062,3,1,22,3,3,3,0,682581
2989,5,4,47,3,1,1,0,512210
